Primal value;Dual value;cons_time;sol time 
-999.8999899914563;-999.8999899946142;46.771480560302734;2.9969329833984375
