Primal value;Dual value;cons_time;sol time 
-217.77161572144064;-217.7716157071574;18.64442539215088;32.917328119277954
