Primal value;Dual value;cons_time;sol time 
-1485.047592693762;-1485.0475926965084;4.267380714416504;25.963443994522095
