Primal value;Dual value;cons_time;sol time 
-1498.2569459098113;-1498.2569459121307;5.869427919387817;25.355066061019897
