Primal value;Dual value;cons_time;sol time 
-5699.243082060083;-5699.2430820596965;176.87897276878357;182.90938901901245
