Primal value;Dual value;cons_time;sol time 
-236.15223667107162;-236.1522366709102;5.295863389968872;1.5503718852996826
