Primal value;Dual value;cons_time;sol time 
-1147.7706841738066;-1147.7706841740273;1018.901608467102;2590.93661904335
