Primal value;Dual value;cons_time;sol time 
-1131.314358367384;-1131.3143583672772;30.581950664520264;13.647059917449951
