Primal value;Dual value;cons_time;sol time 
-2559.7536564018296;-2559.7536564023417;236.44628524780273;48.2542028427124
