Primal value;Dual value;cons_time;sol time 
-213.15470259689081;-213.15470259688468;4.9453089237213135;217.7067790031433
