Primal value;Dual value;cons_time;sol time 
-235.54822353360095;-235.5482235335982;5.377247095108032;217.95961117744446
