Primal value;Dual value;cons_time;sol time 
-288.0596215878243;-288.05962158782495;4.995784044265747;215.0754427909851
