Primal value;Dual value;cons_time;sol time 
-215.47138913185154;-215.47138913185088;5.3885064125061035;219.5939018726349
