Primal value;Dual value;cons_time;sol time 
-228.11664627588573;-228.11664627588468;5.058575391769409;239.7764961719513
