Primal value;Dual value;cons_time;sol time 
-223.438555444298;-223.43855544429968;4.8618714809417725;238.79486203193665
