Primal value;Dual value;cons_time;sol time 
-226.38186124708795;-226.38186124708582;5.427459001541138;210.8493709564209
