Primal value;Dual value;cons_time;sol time 
-245.4661393794915;-245.46613937948902;4.9713287353515625;261.14232110977173
