Primal value;Dual value;cons_time;sol time 
-216.16294998455896;-216.1629499845611;5.0416481494903564;214.62463092803955
