Primal value;Dual value;cons_time;sol time 
-192.43659176804385;-192.43659176804707;4.993629455566406;230.1760289669037
